{"training_time": 8656.919602870941, "_timestamp": 1697204713.109789, "_runtime": 8673.949348926544, "_step": 1, "_wandb": {"runtime": 8671}}